PolicyID,LOBNAME,REGION,TIV
1,CO,US_TX,6931857.5356038585
2,HO,US_LA,9916458.399357572
3,HO,US_FL,4054020.4267857485
4,HO,US_FL,11672763.451502215
5,HO,US_LA,3408336.1395478435
6,CO,US_LA,1572009.2836135188
7,HO,US_NC,4736040.021227823
8,HO,US_SC,4354353.156773415
9,HO,US_SC,4928615.830375532
10,CO,US_SC,3332564.3609306836
10,CO,US_TX,7473281.679309989
10,CO,US_FL,2447508.810671591
11,HO,US_LA,8555751.107625129
12,HO,US_LA,5979273.734834221
13,CO,US_FL,11125893.890091838
14,CO,US_NC,18193731.249490287
15,HO,US_SC,11665296.364460971
16,CO,US_SC,1216599.4779572184
16,CO,US_GA,7036190.617634757
17,CO,US_LA,2960969.2942334902
17,CO,US_FL,6380194.2865849165
17,CO,US_TX,3834412.6717552235
18,CO,US_TX,20686517.83496747
18,CO,US_GA,20597553.740872614
18,CO,US_FL,4844664.063142721
19,CO,US_FL,10732633.644178554
19,CO,US_LA,8699503.730988448
20,CO,US_GA,7630302.977921845
21,CO,US_TX,2425428.558157478
21,CO,US_FL,2673461.0148408525
21,CO,US_GA,2464521.4415685083
22,CO,US_FL,3365084.4639665047
23,CO,US_NC,16419711.01842958
23,CO,US_GA,2685271.163470794
23,CO,US_SC,6436927.250813651
24,HO,US_TX,8418195.384821042
25,CO,US_NC,1415869.3680898934
25,CO,US_LA,7240739.377894209
26,CO,US_FL,5585896.005709241
27,HO,US_FL,4319647.035562579
28,CO,US_FL,9825011.172140671
28,CO,US_GA,59482172.277639665
29,CO,US_TX,3466259.8359728274
29,CO,US_FL,22010913.526028905
29,CO,US_LA,9044393.409260176
30,HO,US_NC,3290559.6338435463
31,CO,US_SC,13535468.915011944
31,CO,US_FL,57982166.88745884
32,HO,US_SC,11496145.048045002
33,HO,US_LA,3185605.059601178
34,HO,US_NC,13713117.455339871
35,CO,US_TX,11953817.566036604
35,CO,US_FL,21182166.646972142
36,HO,US_GA,55208863.27543263
37,CO,US_FL,18073255.438795708
38,HO,US_LA,6339403.356891203
39,CO,US_TX,41798110.4041687
40,HO,US_LA,62285980.78307594
41,CO,US_TX,1448546.5467072101
41,CO,US_GA,5836524.621340009
41,CO,US_LA,5341922.506060164
42,HO,US_NC,4024580.7607115987
43,HO,US_LA,6083113.654129858
44,CO,US_TX,16584476.267377932
44,CO,US_FL,3514827.068763043
45,CO,US_NC,4731885.709716814
45,CO,US_LA,1656645.646607692
46,HO,US_NC,22222573.455326736
47,CO,US_FL,5132252.550487059
47,CO,US_LA,6028608.515995364
47,CO,US_TX,16992021.534306366
48,HO,US_FL,8382264.0661669895
49,HO,US_FL,77051182.73032305
50,HO,US_SC,131241953.0402393
51,HO,US_TX,5008254.364510979
52,HO,US_FL,24866586.42037018
53,HO,US_NC,3713988.514138577
54,CO,US_GA,8753815.337292077
54,CO,US_LA,2333843.6465023905
55,HO,US_LA,5177685.9826078145
56,HO,US_FL,4971838.725343541
57,HO,US_NC,3222061.2819869616
58,HO,US_FL,19683653.9314262
59,CO,US_LA,49648798.4036456
59,CO,US_TX,20905482.53747761
60,HO,US_LA,7719982.957221482
61,CO,US_LA,142326129.29186356
61,CO,US_FL,7327587.070652622
61,CO,US_GA,31668022.95107388
62,HO,US_NC,7374371.956217764
63,CO,US_SC,9770978.620378094
64,HO,US_TX,2787982.5775339473
65,HO,US_SC,6872161.413968105
66,HO,US_SC,5164979.510638816
67,HO,US_FL,13990455.141527023
68,HO,US_TX,8420033.258115504
69,HO,US_LA,3417651.1389093604
70,HO,US_TX,16834578.84517603
71,HO,US_SC,2441647.9287158675
72,CO,US_GA,1762298.6647845537
72,CO,US_SC,9926136.634533016
72,CO,US_FL,6327836.757880943
73,HO,US_LA,11803481.797338812
74,HO,US_NC,23257275.138170574
75,CO,US_GA,19902642.24043554
76,HO,US_TX,14566211.078475889
77,CO,US_FL,3987814.8812172525
77,CO,US_SC,1513016.5770983042
78,CO,US_TX,2344762.430122377
78,CO,US_NC,50273696.22804935
79,CO,US_GA,9958090.362000376
79,CO,US_TX,7521443.704149698
80,CO,US_NC,31415420.80994337
81,CO,US_TX,840525.578003849
81,CO,US_FL,15053806.761287509
82,HO,US_NC,6654284.796277142
83,HO,US_GA,3033139.7200688855
84,CO,US_GA,3752040.558999189
84,CO,US_NC,10414948.575676166
84,CO,US_FL,18732667.34082743
85,HO,US_GA,1962664.0629201597
86,CO,US_SC,4419999.34549543
86,CO,US_FL,4685391.575590254
86,CO,US_TX,14102549.769167818
87,CO,US_FL,22906571.269749075
88,HO,US_GA,2815226.7270160983
89,HO,US_GA,2212568.5645227088
90,HO,US_SC,2361710.4254371095
91,HO,US_NC,652561.7143115384
92,CO,US_TX,14988468.299095226
92,CO,US_SC,14037727.14159354
93,HO,US_FL,9602913.377557686
94,HO,US_NC,8255029.283299946
95,HO,US_GA,4350324.79878963
96,HO,US_NC,6390283.427733399
97,CO,US_GA,57053358.1851842
97,CO,US_FL,9238566.927794732
98,HO,US_NC,33153134.33948822
99,HO,US_NC,2234557.9220999377
100,HO,US_FL,1888219.1528386322
101,HO,US_NC,2545710.0443403544
102,CO,US_GA,8507074.994608428
103,HO,US_FL,5171775.224869573
104,HO,US_GA,5908424.1788105285
105,HO,US_FL,13084933.115209674
106,CO,US_GA,4578566.361004242
107,HO,US_LA,13726846.934331857
108,HO,US_SC,735278.5968347545
109,CO,US_SC,35799048.45124709
109,CO,US_LA,18277166.726466067
110,CO,US_LA,21491668.140328784
110,CO,US_FL,4859343.889619234
111,CO,US_FL,11664924.846391942
112,HO,US_FL,5444594.763725017
113,CO,US_TX,6179088.541604636
113,CO,US_NC,29081602.3976285
113,CO,US_SC,20297563.937700734
114,HO,US_NC,3061404.7998958523
115,HO,US_FL,3222678.632339454
116,HO,US_GA,4431302.264271697
117,HO,US_TX,4460809.647517232
118,HO,US_GA,44441300.84517085
119,HO,US_GA,1899950.5699828584
120,CO,US_FL,15136014.730369983
120,CO,US_TX,6213295.5168254
121,HO,US_FL,22244936.2790123
122,CO,US_SC,26952852.97546533
122,CO,US_FL,37502498.483850874
122,CO,US_TX,6316574.501419776
123,CO,US_GA,17845433.194754876
123,CO,US_FL,2392062.0564466217
124,CO,US_TX,31697640.634183664
124,CO,US_NC,11996575.539894355
124,CO,US_GA,13726475.243924307
125,CO,US_SC,33755377.2378207
126,HO,US_SC,12064382.291870655
127,CO,US_LA,30394327.483615316
127,CO,US_GA,15059382.478703123
127,CO,US_FL,11121223.700357577
128,HO,US_TX,32888569.003120232
129,CO,US_FL,21979304.484500766
129,CO,US_SC,8404349.857926205
130,HO,US_SC,3083717.0257229917
131,CO,US_TX,12491644.437681668
132,HO,US_NC,9400740.588831095
133,HO,US_NC,3230793.2896169676
134,CO,US_SC,11100821.847381787
134,CO,US_FL,9729099.627352554
134,CO,US_LA,12697099.49168142
135,CO,US_GA,11431208.527828153
135,CO,US_TX,1862781.1422430265
136,HO,US_SC,20213845.16751862
137,CO,US_SC,3609953.2123275422
137,CO,US_GA,13142506.69852918
137,CO,US_TX,4350776.48438656
138,HO,US_SC,13983866.70450397
139,HO,US_LA,14020600.582805602
140,CO,US_NC,2035221.7185508432
141,CO,US_TX,66428745.021153696
141,CO,US_FL,18929967.36103563
142,CO,US_SC,17432362.283758618
142,CO,US_NC,3091400.58778873
143,HO,US_GA,7952276.494909886
144,HO,US_TX,9533338.319886874
145,CO,US_FL,14018749.360077674
145,CO,US_GA,3231192.9545705416
146,HO,US_LA,6911469.253440058
147,CO,US_FL,1701277.6477283987
147,CO,US_GA,1701181.9804967227
147,CO,US_TX,64187031.891329005
148,CO,US_FL,3469608.134886571
148,CO,US_LA,1170732.1027641296
149,CO,US_GA,4222281.770695623
149,CO,US_SC,8658028.039640432
149,CO,US_FL,11343201.855618965
150,HO,US_GA,25866377.36819
151,HO,US_SC,2767855.2760939947
152,CO,US_TX,9054040.849002462
152,CO,US_LA,1228140.5460200259
153,HO,US_NC,12504215.618646765
154,CO,US_LA,25000860.419432964
154,CO,US_TX,45908965.336449295
154,CO,US_NC,9333661.598643877
155,CO,US_LA,4812994.443887498
155,CO,US_NC,11884656.657457111
155,CO,US_TX,9729471.203238232
156,HO,US_SC,731279.0755551218
157,HO,US_NC,2098425.733312519
158,HO,US_LA,333180.44934285345
159,CO,US_FL,4698325.956105023
159,CO,US_LA,8212711.913827713
159,CO,US_NC,6515438.470052706
160,HO,US_LA,10075839.27980837
161,CO,US_SC,11547374.174522603
162,CO,US_FL,16303528.958053948
162,CO,US_SC,3300619.5823755106
163,CO,US_SC,9029839.310512893
163,CO,US_TX,8162977.874040889
164,HO,US_SC,24170439.648894485
165,HO,US_FL,7986429.454268213
166,HO,US_NC,7113367.987386515
167,CO,US_LA,11410953.289665038
168,HO,US_TX,66837340.50894057
169,HO,US_NC,10893710.15262354
170,HO,US_FL,2882674.325294913
171,HO,US_FL,8349923.431293947
172,CO,US_GA,40238170.886448175
173,HO,US_FL,10617987.786233073
174,CO,US_SC,10565601.62429856
174,CO,US_TX,1018949.601144797
174,CO,US_FL,19237862.81031673
175,HO,US_FL,10593303.60687642
176,HO,US_LA,67693646.21887389
177,CO,US_GA,14016888.94557016
177,CO,US_LA,19177512.560493328
178,HO,US_SC,68445127.18151464
179,CO,US_SC,45537386.24165011
180,HO,US_SC,4812320.916637197
181,CO,US_GA,1221929.672129957
182,HO,US_TX,65799235.9565814
183,CO,US_SC,6367996.8962755455
183,CO,US_GA,1804309.0522481792
183,CO,US_NC,13885710.379431482
184,CO,US_FL,9430800.408848993
184,CO,US_SC,9489344.123659272
184,CO,US_NC,18454019.229464512
185,HO,US_TX,10697058.16440059
186,CO,US_SC,4134488.17453052
187,HO,US_NC,1130394.7973684743
188,CO,US_TX,3779072.0206101397
188,CO,US_LA,4994657.892430123
188,CO,US_NC,7954548.695624464
189,CO,US_TX,41389366.858643375
189,CO,US_FL,5035598.757646563
189,CO,US_NC,5171783.367490916
190,HO,US_NC,4918948.283497336
191,HO,US_GA,10509409.869305419
192,CO,US_SC,1555778.0945442277
192,CO,US_NC,1169097.272152745
192,CO,US_FL,18787429.073712062
193,CO,US_NC,17377887.508917566
194,HO,US_FL,5136075.776123418
195,HO,US_FL,4907450.361689307
196,HO,US_FL,3632975.405259294
197,HO,US_NC,14868635.489816595
198,CO,US_GA,30405968.357030585
199,HO,US_SC,3111863.9604728743
200,HO,US_FL,13312990.839322658
201,HO,US_TX,5238515.33763111
202,HO,US_TX,27151495.194325816
203,HO,US_TX,16653430.539017012
204,HO,US_FL,11441189.26315331
205,HO,US_LA,3353498.0256163264
206,CO,US_LA,21575263.477865584
206,CO,US_GA,7989193.739185889
207,HO,US_TX,12288831.655854521
208,HO,US_LA,3061560.2938329694
209,HO,US_FL,5789678.332206998
210,CO,US_SC,12170082.205421519
210,CO,US_LA,6347130.655931374
211,CO,US_FL,9774539.775708638
211,CO,US_SC,3016118.384744103
211,CO,US_GA,16916913.994809043
212,CO,US_NC,6006825.929049165
212,CO,US_GA,55854196.59010908
213,HO,US_GA,4566345.346733715
214,CO,US_LA,20658579.65502666
214,CO,US_FL,1181193.535185124
215,HO,US_GA,21753868.371505536
216,CO,US_NC,26333172.851755764
217,CO,US_LA,31884281.44079847
217,CO,US_NC,14746279.622493058
218,HO,US_NC,14904335.060404293
219,HO,US_TX,575444.8607821824
220,HO,US_LA,5362713.695324789
221,CO,US_NC,10569786.319474785
221,CO,US_SC,9373254.251672378
222,CO,US_GA,3187190.973291362
222,CO,US_FL,1900110.5150427306
222,CO,US_LA,35938854.21915712
223,HO,US_LA,17786443.680835262
224,CO,US_GA,24167339.682358705
225,CO,US_LA,12452777.01686746
225,CO,US_NC,6284599.170687966
225,CO,US_FL,19318437.225399435
226,CO,US_SC,29109355.629026134
226,CO,US_GA,4495111.786558356
226,CO,US_TX,33311168.391350754
227,CO,US_NC,25945922.20204673
227,CO,US_FL,24746000.072878208
227,CO,US_TX,101225421.93285471
228,HO,US_LA,6733160.748557015
229,HO,US_FL,11831965.354687832
230,HO,US_GA,4813196.8193939375
231,HO,US_GA,45216294.814213544
232,CO,US_TX,8987328.185811749
232,CO,US_FL,10747418.460704256
232,CO,US_NC,21667090.81655788
233,HO,US_LA,1404670.0105945205
234,CO,US_SC,8004678.179705623
235,CO,US_NC,59773849.90152778
235,CO,US_GA,13919037.877275331
235,CO,US_TX,1328041.0346179411
236,HO,US_SC,13076118.356178692
237,HO,US_TX,15470840.237661865
238,CO,US_NC,6490000.326291425
238,CO,US_SC,1748975.5765635911
239,CO,US_LA,5413409.710985354
239,CO,US_GA,97247731.83628772
240,HO,US_FL,3332050.91407375
241,HO,US_GA,1898618.3882524392
242,HO,US_TX,16273436.55138467
243,CO,US_TX,172557006.25759494
244,CO,US_FL,11119000.62725696
245,HO,US_SC,6340740.571488191
246,CO,US_FL,2261282.9742430192
246,CO,US_NC,2814390.8710618
247,CO,US_GA,26194749.45904685
247,CO,US_LA,6539340.932597483
248,HO,US_LA,11260909.331785887
249,CO,US_GA,2727214.389582972
249,CO,US_SC,18412489.83328869
249,CO,US_FL,5770946.449478182
250,CO,US_LA,5803701.610695016
250,CO,US_TX,41039815.27420999
250,CO,US_GA,44419113.23442282
251,CO,US_TX,9523902.418407992
252,HO,US_SC,3966006.0876858914
253,HO,US_LA,18365640.570654996
254,CO,US_GA,7833318.496255225
254,CO,US_TX,2113232.399873668
254,CO,US_SC,2856131.977972998
255,HO,US_LA,17629029.01639077
256,HO,US_SC,56586687.6874427
257,HO,US_NC,620951.2608120927
258,HO,US_GA,4863271.192192095
259,CO,US_TX,38996275.35851902
259,CO,US_NC,19977511.847266153
260,HO,US_TX,5789371.652521639
261,CO,US_FL,30810974.898880918
262,CO,US_LA,22038828.097535457
262,CO,US_FL,25944800.175848205
263,CO,US_FL,3625301.144248335
264,HO,US_NC,4677027.511296496
265,CO,US_FL,10327936.872777218
266,CO,US_LA,11144216.958053118
267,HO,US_LA,1664452.4569567125
268,CO,US_FL,6784788.095512656
269,CO,US_LA,13507282.572523119
270,CO,US_FL,24843681.189536016
271,CO,US_SC,21514328.448569674
272,CO,US_SC,15477076.674835045
272,CO,US_TX,39178187.6373334
272,CO,US_FL,5839107.245544001
273,CO,US_FL,3656766.802421878
273,CO,US_SC,684690.0514391909
273,CO,US_GA,24084824.946795326
274,HO,US_LA,10662470.404818235
275,HO,US_NC,14605624.769975433
276,HO,US_FL,29527843.11295374
277,CO,US_SC,11472910.757303799
277,CO,US_TX,1510227.88024884
277,CO,US_LA,6500848.08515177
278,CO,US_TX,9802264.479887633
278,CO,US_LA,54609801.210627586
278,CO,US_SC,7062293.547106985
279,HO,US_SC,1266187.7517517838
280,HO,US_TX,15566408.657931034
281,CO,US_GA,25540868.191404324
281,CO,US_LA,12037184.947560132
281,CO,US_FL,45394498.03966527
282,CO,US_SC,28961198.841404617
282,CO,US_LA,25666666.764884144
282,CO,US_NC,9531123.811877169
283,CO,US_GA,9751848.895314762
284,HO,US_LA,11507365.434472978
285,HO,US_SC,7358003.069420228
286,CO,US_GA,11055032.510912554
286,CO,US_LA,5195246.995212844
286,CO,US_NC,8814108.810982378
287,CO,US_SC,4453029.704944536
287,CO,US_GA,21130561.679472826
288,HO,US_SC,23854369.53778268
289,CO,US_TX,24989932.95415352
290,CO,US_SC,1596364.9538894447
290,CO,US_LA,5702879.810098046
290,CO,US_FL,12239312.508413214
291,HO,US_FL,10536214.154830653
292,HO,US_LA,2361589.8080265657
293,CO,US_NC,5741275.46749151
293,CO,US_TX,25669042.646529183
294,HO,US_FL,97998947.79103146
295,CO,US_TX,8395640.984689038
296,CO,US_FL,3920677.936704312
296,CO,US_TX,7686804.664761399
297,CO,US_GA,7906031.914392661
297,CO,US_TX,7239444.690203361
297,CO,US_LA,4232695.066939884
298,CO,US_LA,6978752.913299519
298,CO,US_GA,8889686.27948289
298,CO,US_NC,1386399.5188474702
299,CO,US_GA,12119102.179853415
300,HO,US_GA,10084541.330289653
301,HO,US_LA,45549012.24388115
302,HO,US_TX,4386104.259198437
303,HO,US_NC,4216562.166826812
304,CO,US_LA,16348419.035580032
304,CO,US_SC,9311613.112035595
305,HO,US_LA,2903856.325616521
306,HO,US_SC,22660975.067871716
307,CO,US_FL,27513027.43569137
307,CO,US_TX,4019705.406774948
308,HO,US_GA,70935438.33646262
309,HO,US_TX,12427973.701874366
310,CO,US_LA,7012199.701088095
310,CO,US_TX,8657479.164018497
311,CO,US_GA,5314603.056379203
311,CO,US_SC,20787788.75616586
311,CO,US_LA,5293195.607384318
312,CO,US_FL,21621793.95138522
313,HO,US_TX,40583062.18966066
314,HO,US_SC,19781563.393783327
315,HO,US_NC,6947154.369086968
316,HO,US_FL,1929032.708465284
317,HO,US_TX,8801165.527287442
318,CO,US_TX,18507952.913462404
318,CO,US_NC,40554339.16790882
318,CO,US_FL,3990920.8771989606
319,HO,US_GA,5400102.695947101
320,HO,US_SC,1836784.582872173
321,CO,US_FL,9389173.773842555
321,CO,US_NC,11837432.144773211
321,CO,US_GA,9518322.707883531
322,HO,US_TX,10906890.795878455
323,HO,US_GA,2396613.9819370424
324,HO,US_LA,4956103.242310447
325,HO,US_FL,58578841.54281795
326,HO,US_SC,6338455.82846385
327,HO,US_LA,55582934.2325621
328,HO,US_GA,5058654.637459904
329,HO,US_FL,11628860.143949596
330,CO,US_NC,43498179.702494204
331,HO,US_LA,27320614.291450847
332,HO,US_TX,2423984.4865072095
333,HO,US_SC,17258585.210883383
334,CO,US_TX,5610534.435826121
334,CO,US_GA,17022858.578305822
334,CO,US_SC,9408787.419017386
335,HO,US_TX,27869138.25509153
336,CO,US_SC,33763833.954845235
336,CO,US_TX,57358193.99365673
336,CO,US_FL,11301995.415386625
337,HO,US_NC,4718769.226723025
338,CO,US_LA,1818903.660360807
338,CO,US_FL,2233797.6044746414
338,CO,US_TX,6160249.8004910555
339,HO,US_FL,4954284.075549862
340,HO,US_TX,9797730.366730986
341,HO,US_GA,5405710.154089928
342,CO,US_TX,3590918.4930981174
342,CO,US_NC,3450245.3510955092
343,HO,US_NC,15866052.507830126
344,HO,US_LA,35093872.527427055
345,HO,US_NC,7314309.104929155
346,CO,US_NC,5617737.881083196
346,CO,US_SC,2037167.1313335148
346,CO,US_TX,10555201.53862766
347,CO,US_LA,3891958.6435406143
347,CO,US_FL,6000573.889282089
348,CO,US_FL,7496594.000904248
348,CO,US_LA,8041856.123829696
348,CO,US_SC,2404614.313608752
349,CO,US_NC,5002473.225547
349,CO,US_FL,10269127.255508747
350,CO,US_FL,17483155.613768198
350,CO,US_TX,7878101.172511105
351,CO,US_SC,16161681.869257974
352,CO,US_FL,12980934.392202014
352,CO,US_SC,2316612.906451832
353,CO,US_SC,1745695.2943657164
353,CO,US_GA,4321831.808529939
353,CO,US_LA,12402420.430320337
354,CO,US_SC,28325816.54738951
355,HO,US_SC,8764454.81840043
356,CO,US_GA,11037582.921047179
356,CO,US_SC,26368702.138123583
357,CO,US_NC,8307271.380142503
357,CO,US_TX,5461431.670830147
358,HO,US_SC,10394167.159678457
359,CO,US_SC,26739273.812938873
359,CO,US_TX,3110901.612570899
359,CO,US_GA,13307088.458814051
360,HO,US_FL,28811548.45492228
361,CO,US_TX,17315460.25429182
361,CO,US_FL,10526149.639250232
362,CO,US_GA,48720114.14978992
363,HO,US_SC,48923109.15699024
364,CO,US_SC,10647170.523031453
365,HO,US_LA,10731977.77184488
366,HO,US_FL,11814060.591463005
367,CO,US_SC,5420001.015271514
367,CO,US_LA,27196715.99044904
367,CO,US_TX,1663162.6160521542
368,HO,US_FL,3019883.6119122216
369,HO,US_LA,6719322.56141017
370,HO,US_NC,9092402.915498065
371,CO,US_GA,8419414.843126412
371,CO,US_TX,34571622.633030586
372,HO,US_LA,10875959.567336302
373,HO,US_NC,11368472.84518576
374,HO,US_LA,104730693.42687418
375,HO,US_GA,47424069.432681136
376,CO,US_LA,5148202.717767131
376,CO,US_NC,12483039.397998204
376,CO,US_TX,5947056.1525039105
377,CO,US_SC,1363750.441578594
378,CO,US_LA,4421076.525502345
378,CO,US_NC,22794337.462672833
378,CO,US_GA,9557172.522009125
379,CO,US_GA,4192496.8650092822
379,CO,US_FL,3594406.8095416287
380,HO,US_LA,4271652.488577699
381,HO,US_LA,5327199.68655749
382,HO,US_GA,13741054.101248069
383,HO,US_FL,1419418.640220948
384,HO,US_LA,3821866.613728945
385,HO,US_NC,6007993.6317837695
386,CO,US_TX,11778291.268183714
387,HO,US_LA,26759523.135986798
388,HO,US_NC,27230065.643018242
389,CO,US_SC,22015244.951037
389,CO,US_GA,2887168.4827601053
390,CO,US_SC,6807996.088865916
391,HO,US_FL,6145489.804527559
392,HO,US_GA,11086135.549339756
393,HO,US_TX,27817555.157088924
394,CO,US_GA,31790961.61590441
394,CO,US_SC,58866492.16294947
394,CO,US_LA,42084386.97159987
395,CO,US_SC,13102564.635359248
395,CO,US_GA,13840467.579677785
396,HO,US_LA,7165955.46178969
397,CO,US_FL,17853598.49620802
397,CO,US_LA,9417762.337586647
397,CO,US_SC,20988310.81861426
398,HO,US_SC,8661875.344864147
399,CO,US_FL,1378278.562838488
399,CO,US_TX,3424125.4556883196
399,CO,US_GA,18685877.798515134
400,CO,US_FL,4903254.004370793
400,CO,US_NC,14570941.07981377
